{
    "mae": 0.4469857142857143,
    "rmse": 0.5444309353511672,
    "r2": 0.4530074533434182
}