{
    "mae": 0.43854793610871473,
    "rmse": 0.7132096833523767,
    "r2": 0.4548432264424944
}