{
    "mae": 0.4118059335473651,
    "rmse": 0.5075658188725759,
    "r2": 0.5245765985195036
}